{"count":1,"self":250.51911679999998,"total":254.401729,"children":{"InitializeActuators":{"count":2,"self":0.0027949999999999997,"total":0.0027949999999999997,"children":null},"InitializeSensors":{"count":2,"self":0.0047199999999999994,"total":0.0047199999999999994,"children":null},"AgentSendState":{"count":11952,"self":0.15312699999999999,"total":0.265175,"children":{"CollectObservations":{"count":4782,"self":0.029238999999999998,"total":0.029238999999999998,"children":null},"WriteActionMask":{"count":4782,"self":0.010378,"total":0.010378,"children":null},"RequestDecision":{"count":4782,"self":0.072431,"total":0.072431,"children":null}}},"DecideAction":{"count":11952,"self":3.192043,"total":3.192043,"children":null},"AgentAct":{"count":11952,"self":0.41618499999999997,"total":0.41618499999999997,"children":null}},"gauges":{"Pong2D.CumulativeReward":{"count":2,"max":5.96608829,"min":3.966062,"runningAverage":4.966075,"value":3.966062,"weightedAverage":5.46608162}},"metadata":{"timer_format_version":"0.1.0","start_time_seconds":"1721799104","unity_version":"2023.2.20f1","command_line_arguments":"\/Applications\/Unity\/Hub\/Editor\/2023.2.20f1\/Unity.app\/Contents\/MacOS\/Unity -projectpath \/Users\/Arvick\/Unity\/ABM-ML -useHub -hubIPC -cloudEnvironment production","communication_protocol_version":"1.5.0","com.unity.ml-agents_version":"3.0.0-exp.1","scene_name":"3PongSelfPlay2D","end_time_seconds":"1721799358"}}